Date,EURCHF,LogRet,IsJump
1/4/2010,1.4838,0.000809062,0
1/5/2010,1.485,0.000808407,0
1/6/2010,1.4807,-0.002899823,0
1/7/2010,1.4796,-0.000743168,0
1/8/2010,1.4748,-0.003249394,0
1/11/2010,1.4746,-0.000135621,0
1/12/2010,1.4747,6.78E-05,0
1/13/2010,1.4766,0.001287568,0
1/14/2010,1.4767,6.77E-05,0
1/15/2010,1.4759,-0.000541895,0
1/19/2010,1.4752,-0.000474399,0
1/20/2010,1.4721,-0.002103621,0
1/21/2010,1.468,-0.002789023,0
1/22/2010,1.4718,0.002585211,0
1/25/2010,1.4704,-0.000951669,0
1/26/2010,1.4722,0.001223408,0
1/27/2010,1.4718,-0.000271739,0
1/28/2010,1.4693,-0.001700045,0
1/29/2010,1.4705,0.000816382,0
2/1/2010,1.4706,6.80E-05,0
2/2/2010,1.4729,0.001562766,0
2/3/2010,1.4711,-0.001222826,0
2/4/2010,1.4644,-0.004564818,0
2/5/2010,1.4668,0.001637555,0
2/8/2010,1.4643,-0.001705845,0
2/9/2010,1.4673,0.002046665,0
2/10/2010,1.4661,-0.000818163,0
2/11/2010,1.4654,-0.000477571,0
2/12/2010,1.4658,0.000272926,0
2/16/2010,1.4677,0.001295381,0
2/17/2010,1.4664,-0.000886132,0
2/18/2010,1.4663,-6.82E-05,0
2/19/2010,1.4644,-0.001296619,0
2/22/2010,1.463,-0.00095648,0
2/23/2010,1.4632,0.000136696,0
2/24/2010,1.463,-0.000136696,0
2/25/2010,1.463,0,0
2/26/2010,1.4627,-0.000205079,0
3/1/2010,1.4628,6.84E-05,0
3/2/2010,1.4626,-0.000136733,0
3/3/2010,1.4622,-0.000273523,0
3/4/2010,1.4622,0,0
3/5/2010,1.463,0.000546971,0
3/8/2010,1.463,0,0
3/9/2010,1.4621,-0.000615364,0
3/10/2010,1.4608,-0.000889528,0
3/11/2010,1.4616,0.000547495,0
3/12/2010,1.4563,-0.003632754,0
3/15/2010,1.452,-0.002957056,0
3/16/2010,1.4517,-0.000206633,0
3/17/2010,1.448,-0.00255199,0
3/18/2010,1.4395,-0.005887463,0
3/19/2010,1.4355,-0.00278261,0
3/22/2010,1.4342,-0.000906018,0
3/23/2010,1.4273,-0.004822655,0
3/24/2010,1.4279,0.000420286,0
3/25/2010,1.4255,-0.001682204,0
3/26/2010,1.4279,0.001682204,0
3/29/2010,1.4322,0.00300689,0
3/30/2010,1.4303,-0.001327511,0
3/31/2010,1.4234,-0.004835837,0
4/1/2010,1.4319,0.005953858,0
4/5/2010,1.4321,0.000139665,0
4/6/2010,1.4319,-0.000139665,0
4/7/2010,1.4324,0.000349125,0
4/8/2010,1.433,0.00041879,0
4/9/2010,1.4375,0.003135345,0
4/12/2010,1.4394,0.001320866,0
4/13/2010,1.4349,-0.0031312,0
4/14/2010,1.4357,0.000557375,0
4/15/2010,1.4337,-0.00139402,0
4/16/2010,1.4317,-0.001395966,0
4/19/2010,1.4333,0.001116929,0
4/20/2010,1.4356,0.001603402,0
4/21/2010,1.4328,-0.001952309,0
4/22/2010,1.4322,-0.000418848,0
4/23/2010,1.4352,0.002092489,0
4/26/2010,1.4347,-0.000348444,0
4/27/2010,1.4323,-0.001674224,0
4/28/2010,1.4332,0.000628163,0
4/29/2010,1.4332,0,0
4/30/2010,1.4323,-0.000628163,0
5/3/2010,1.4319,-0.00027931,0
5/4/2010,1.4319,0,0
5/5/2010,1.4319,0,0
5/6/2010,1.4057,-0.018466834,0
5/7/2010,1.4131,0.005250473,0
5/10/2010,1.4191,0.004236995,0
5/11/2010,1.4049,-0.010056742,0
5/12/2010,1.4018,-0.002209001,0
5/13/2010,1.4001,-0.001213462,0
5/14/2010,1.4005,0.000285653,0
5/17/2010,1.4018,0.000927809,0
5/18/2010,1.4,-0.001284888,0
5/19/2010,1.4282,0.019942674,0
5/20/2010,1.435,0.004749939,0
5/21/2010,1.4447,0.006736838,0
5/24/2010,1.4323,-0.008620144,0
5/25/2010,1.428,-0.00300668,0
5/26/2010,1.4113,-0.011763598,0
5/27/2010,1.4229,0.008185777,0
5/28/2010,1.4215,-0.00098439,0
6/1/2010,1.4135,-0.005643754,0
6/2/2010,1.4137,0.000141483,0
6/3/2010,1.4065,-0.005106032,0
6/4/2010,1.3921,-0.010290951,0
6/7/2010,1.3858,-0.004535808,0
6/8/2010,1.3786,-0.005209099,0
6/9/2010,1.376,-0.001887752,0
6/10/2010,1.3836,0.005508059,0
6/11/2010,1.3911,0.005406003,0
6/14/2010,1.3948,0.002656235,0
6/15/2010,1.397,0.001576044,0
6/16/2010,1.3913,-0.004088518,0
6/17/2010,1.3749,-0.011857561,0
6/18/2010,1.3724,-0.001819969,0
6/21/2010,1.3686,-0.002772712,0
6/22/2010,1.3581,-0.007701655,0
6/23/2010,1.3598,0.001250966,0
6/24/2010,1.3587,-0.00080927,0
6/25/2010,1.352,-0.004943383,0
6/28/2010,1.3342,-0.013253116,0
6/29/2010,1.3181,-0.012140556,0
6/30/2010,1.3175,-0.000455304,0
7/1/2010,1.3257,0.00620462,0
7/2/2010,1.3341,0.006316285,0
7/6/2010,1.3371,0.002246182,0
7/7/2010,1.3286,-0.006377333,0
7/8/2010,1.3316,0.00225547,0
7/9/2010,1.3362,0.003448538,0
7/12/2010,1.3352,-0.000748671,0
7/13/2010,1.3419,0.005005427,0
7/14/2010,1.3401,-0.001342282,0
7/15/2010,1.3464,0.004690126,0
7/16/2010,1.358,0.008578665,0
7/19/2010,1.3645,0.004775032,0
7/20/2010,1.3561,-0.006175128,0
7/21/2010,1.3399,-0.012017949,0
7/22/2010,1.3441,0.00312966,0
7/23/2010,1.3607,0.012274629,0
7/26/2010,1.3622,0.001101767,0
7/27/2010,1.3776,0.011241815,0
7/28/2010,1.3724,-0.003781823,0
7/29/2010,1.3609,-0.008414786,0
7/30/2010,1.3584,-0.001838709,0
8/2/2010,1.3684,0.007334638,0
8/3/2010,1.3742,0.004229569,0
8/4/2010,1.3854,0.008117163,0
8/5/2010,1.379,-0.004630308,0
8/6/2010,1.3797,0.000507485,0
8/9/2010,1.3869,0.005204956,0
8/10/2010,1.3803,-0.004770174,0
8/11/2010,1.3627,-0.012832841,0
8/12/2010,1.3466,-0.011885129,0
8/13/2010,1.3402,-0.004764041,0
8/16/2010,1.3327,-0.005611897,0
8/17/2010,1.3436,0.008145619,0
8/18/2010,1.3394,-0.003130826,0
8/19/2010,1.3223,-0.012849108,0
8/20/2010,1.3136,-0.006601185,0
8/23/2010,1.3169,0.00250903,0
8/24/2010,1.3014,-0.011839882,0
8/25/2010,1.3039,0.001919165,0
8/26/2010,1.3021,-0.001381428,0
8/27/2010,1.3114,0.007116923,0
8/30/2010,1.2988,-0.009654508,0
8/31/2010,1.2866,-0.009437681,0
9/1/2010,1.3001,0.010438105,0
9/2/2010,1.2982,-0.001462495,0
9/3/2010,1.3103,0.009277429,0
9/7/2010,1.2825,-0.021444821,0
9/8/2010,1.2862,0.002880837,0
9/9/2010,1.2879,0.00132085,0
9/10/2010,1.2922,0.003333207,0
9/13/2010,1.297,0.003707713,0
9/14/2010,1.2939,-0.002392992,0
9/15/2010,1.3046,0.008235567,0
9/16/2010,1.3274,0.017325661,0
9/17/2010,1.3169,-0.007941652,0
9/20/2010,1.3122,-0.003575372,0
9/21/2010,1.3216,0.007138006,0
9/22/2010,1.3218,0.00015132,0
9/23/2010,1.3115,-0.007822924,0
9/24/2010,1.3256,0.010693667,0
9/27/2010,1.3256,0,0
9/28/2010,1.326,0.000301705,0
9/29/2010,1.3307,0.003538228,0
9/30/2010,1.3393,0.00644197,0
10/1/2010,1.3423,0.002237471,0
10/4/2010,1.3287,-0.01018354,0
10/5/2010,1.3367,0.006002869,0
10/6/2010,1.34,0.002465724,0
10/7/2010,1.3442,0.003129427,0
10/8/2010,1.3413,-0.002159748,0
10/11/2010,1.3382,-0.002313866,0
10/12/2010,1.3323,-0.004418655,0
10/13/2010,1.3373,0.003745884,0
10/14/2010,1.3415,0.003135735,0
10/15/2010,1.3397,-0.001342683,0
10/18/2010,1.3359,-0.002840486,0
10/19/2010,1.3327,-0.002398262,0
10/20/2010,1.343,0.007698958,0
10/21/2010,1.3465,0.002602716,0
10/22/2010,1.3621,0.011518993,0
10/25/2010,1.3555,-0.004857237,0
10/26/2010,1.3636,0.005957871,0
10/27/2010,1.3623,-0.000953813,0
10/28/2010,1.3682,0.00432156,0
10/29/2010,1.3696,0.001022719,0
11/1/2010,1.3774,0.005678938,0
11/2/2010,1.3732,-0.003053882,0
11/3/2010,1.3719,-0.000947142,0
11/4/2010,1.3612,-0.007829977,0
11/5/2010,1.3485,-0.0093738,0
11/8/2010,1.3438,-0.003491442,0
11/9/2010,1.3321,-0.008744777,0
11/10/2010,1.3374,0.003970786,0
11/11/2010,1.332,-0.004045859,0
11/12/2010,1.3423,0.007702988,0
11/15/2010,1.3376,-0.003507597,0
11/16/2010,1.3426,0.003731069,0
11/17/2010,1.341,-0.001192428,0
11/18/2010,1.3583,0.012818314,0
11/19/2010,1.3557,-0.001915992,0
11/22/2010,1.3479,-0.0057701,0
11/23/2010,1.3323,-0.011641054,0
11/24/2010,1.3277,-0.00345865,0
11/26/2010,1.3274,-0.00022598,0
11/29/2010,1.3111,-0.012355662,0
11/30/2010,1.3028,-0.006350685,0
12/1/2010,1.317,0.010840628,0
12/2/2010,1.3122,-0.003651305,0
12/3/2010,1.3076,-0.003511722,0
12/6/2010,1.3055,-0.001607287,0
12/7/2010,1.3097,0.003211994,0
12/8/2010,1.3075,-0.001681186,0
12/9/2010,1.3015,-0.004599472,0
12/10/2010,1.296,-0.004234848,0
12/13/2010,1.2957,-0.000231508,0
12/14/2010,1.2834,-0.009538283,0
12/15/2010,1.2784,-0.00390351,0
12/16/2010,1.2766,-0.001409002,0
12/17/2010,1.2789,0.00180004,0
12/20/2010,1.266,-0.01013801,0
12/21/2010,1.2553,-0.008487736,0
12/22/2010,1.2463,-0.007195426,0
12/23/2010,1.2572,0.008707864,0
12/27/2010,1.2634,0.004919474,0
12/28/2010,1.248,-0.01226423,0
12/29/2010,1.2508,0.002241077,0
12/30/2010,1.2425,-0.006657868,0
12/31/2010,1.2489,0.005137685,0
1/3/2011,1.247,-0.001522497,0
1/4/2011,1.2616,0.01164009,0
1/5/2011,1.2698,0.006478651,0
1/6/2011,1.2557,-0.011166222,0
1/7/2011,1.2488,-0.005510096,0
1/10/2011,1.2528,0.003197956,0
1/11/2011,1.2628,0.007950431,0
1/12/2011,1.2688,0.004740094,0
1/13/2011,1.2872,0.014397745,0
1/14/2011,1.2894,0.001707677,0
1/18/2011,1.2899,0.000387702,0
1/19/2011,1.286,-0.00302807,0
1/20/2011,1.303,0.013132672,0
1/21/2011,1.3051,0.001610368,0
1/24/2011,1.2941,-0.008464193,0
1/25/2011,1.2887,-0.004181515,0
1/26/2011,1.2915,0.002170375,0
1/27/2011,1.2969,0.004172468,0
1/28/2011,1.2821,-0.011477443,0
1/31/2011,1.2919,0.007614644,0
2/1/2011,1.2934,0.001160407,0
2/2/2011,1.2977,0.003319057,0
2/3/2011,1.2889,-0.006804325,0
2/4/2011,1.2967,0.006033434,0
2/7/2011,1.2977,0.000770891,0
2/8/2011,1.3123,0.011187856,0
2/9/2011,1.3148,0.00190324,0
2/10/2011,1.3175,0.002051439,0
2/11/2011,1.3177,0.000151791,0
2/14/2011,1.3077,-0.007617924,0
2/15/2011,1.3038,-0.002986791,0
2/16/2011,1.3011,-0.002073017,0
2/17/2011,1.2915,-0.007405727,0
2/18/2011,1.2949,0.002629139,0
2/22/2011,1.2811,-0.010714388,0
2/23/2011,1.2823,0.000936257,0
2/24/2011,1.2778,-0.003515491,0
2/25/2011,1.2761,-0.001331297,0
2/28/2011,1.282,0.004612807,0
3/1/2011,1.2801,-0.001483159,0
3/2/2011,1.2801,0,0
3/3/2011,1.3012,0.016348716,0
3/4/2011,1.2936,-0.005857886,0
3/7/2011,1.2939,0.000231884,0
3/8/2011,1.3001,0.004780271,0
3/9/2011,1.2925,-0.005862857,0
3/10/2011,1.285,-0.005819609,0
3/11/2011,1.2922,0.005587474,0
3/14/2011,1.2928,0.000464217,0
3/15/2011,1.2824,-0.008077086,0
3/16/2011,1.2518,-0.024150807,1
3/17/2011,1.2596,0.006211695,0
3/18/2011,1.2771,0.013797672,0
3/21/2011,1.2869,0.007644343,0
3/22/2011,1.282,-0.003814867,0
3/23/2011,1.2793,-0.002108305,0
3/24/2011,1.2875,0.0063893,0
3/25/2011,1.2953,0.006039975,0
3/28/2011,1.2907,-0.003557622,0
3/29/2011,1.2985,0.006025045,0
3/30/2011,1.297,-0.001155847,0
3/31/2011,1.3013,0.003309859,0
4/1/2011,1.314,0.009712155,0
4/4/2011,1.3122,-0.001370802,0
4/5/2011,1.3159,0.002815724,0
4/6/2011,1.3162,0.000227955,0
4/7/2011,1.311,-0.003958592,0
4/8/2011,1.313,0.001524391,0
4/11/2011,1.3089,-0.003127506,0
4/12/2011,1.2985,-0.007977338,0
4/13/2011,1.294,-0.003471556,0
4/14/2011,1.2926,-0.001082502,0
4/15/2011,1.2871,-0.004264068,0
4/18/2011,1.2761,-0.008583074,0
4/19/2011,1.2896,0.010523541,0
4/20/2011,1.2891,-0.000387792,0
4/21/2011,1.2893,0.000155135,0
4/25/2011,1.2839,-0.004197115,0
4/26/2011,1.2807,-0.002495517,0
4/27/2011,1.2925,0.009171524,0
4/28/2011,1.2946,0.00162344,0
4/29/2011,1.2809,-0.010638811,0
5/2/2011,1.2819,0.000780396,0
5/3/2011,1.2763,-0.004378085,0
5/4/2011,1.2777,0.00109632,0
5/5/2011,1.2649,-0.010068519,0
5/6/2011,1.2579,-0.005549404,0
5/9/2011,1.2504,-0.005980164,0
5/10/2011,1.2678,0.013819615,0
5/11/2011,1.259,-0.00696536,0
5/12/2011,1.2585,-0.000397219,0
5/13/2011,1.2592,0.000556063,0
5/16/2011,1.2517,-0.005973971,0
5/17/2011,1.253,0.001038049,0
5/18/2011,1.2555,0.001993224,0
5/19/2011,1.2593,0.003022111,0
5/20/2011,1.2417,-0.014074603,0
5/23/2011,1.2413,-0.000322191,0
5/24/2011,1.2399,-0.001128486,0
5/25/2011,1.229,-0.008829901,0
5/26/2011,1.2235,-0.004485227,0
5/27/2011,1.2138,-0.007959669,0
5/31/2011,1.2272,0.010979217,0
6/1/2011,1.2056,-0.017757783,0
6/2/2011,1.2201,0.011955454,0
6/3/2011,1.2198,-0.000245912,0
6/6/2011,1.2171,-0.002215931,0
6/7/2011,1.229,0.009729851,0
6/8/2011,1.2179,-0.009072766,0
6/9/2011,1.2208,0.002378317,0
6/10/2011,1.2094,-0.009382013,0
6/13/2011,1.2062,-0.002649447,0
6/14/2011,1.2206,0.011867619,0
6/15/2011,1.209,-0.009548969,0
6/16/2011,1.2054,-0.00298211,0
6/17/2011,1.2138,0.006944472,0
6/20/2011,1.2099,-0.003218223,0
6/21/2011,1.2105,0.000495786,0
6/22/2011,1.2043,-0.005135012,0
6/23/2011,1.1956,-0.007250334,0
6/24/2011,1.1801,-0.013048971,0
6/27/2011,1.1925,0.010452763,0
6/28/2011,1.1952,0.002261592,0
6/29/2011,1.2042,0.007501911,0
6/30/2011,1.2184,0.011723077,0
7/1/2011,1.2313,0.010531999,0
7/5/2011,1.2124,-0.015468656,0
7/6/2011,1.2011,-0.009364063,0
7/7/2011,1.2124,0.009364063,0
7/8/2011,1.1925,-0.016549922,0
7/11/2011,1.1721,-0.017254932,0
7/12/2011,1.1603,-0.010118419,0
7/13/2011,1.158,-0.001984213,0
7/14/2011,1.1539,-0.00354687,0
7/15/2011,1.1533,-0.000520111,0
7/18/2011,1.1544,0.00095333,0
7/19/2011,1.1659,0.009912592,0
7/20/2011,1.1638,-0.001802808,0
7/21/2011,1.1748,0.009407407,0
7/22/2011,1.1746,-0.000170256,0
7/25/2011,1.1585,-0.013801599,0
7/26/2011,1.1622,0.003188696,0
7/27/2011,1.1511,-0.009596754,0
7/28/2011,1.148,-0.002696709,0
7/29/2011,1.1316,-0.014388737,0
8/1/2011,1.1163,-0.013612915,0
8/2/2011,1.0861,-0.027426347,1
8/3/2011,1.1015,0.014079589,0
8/4/2011,1.0812,-0.018601352,0
8/5/2011,1.0964,0.01396055,0
8/8/2011,1.0696,-0.024747339,1
8/9/2011,1.0383,-0.029699986,1
8/10/2011,1.0297,-0.008317263,0
8/11/2011,1.0861,0.053325801,0
8/12/2011,1.1081,0.020053539,0
8/15/2011,1.132,0.021339143,0
8/16/2011,1.1461,0.012378895,0
8/17/2011,1.14,-0.005336612,0
8/18/2011,1.1379,-0.001843804,0
8/19/2011,1.1311,-0.005993848,0
8/22/2011,1.1339,0.002472407,0
8/23/2011,1.1438,0.008693035,0
8/24/2011,1.1461,0.002008822,0
8/25/2011,1.1397,-0.005599805,0
8/26/2011,1.1686,0.025041381,0
8/29/2011,1.1829,0.012162599,0
8/30/2011,1.184,0.000929486,0
8/31/2011,1.1575,-0.022636029,1
9/1/2011,1.1338,-0.020687684,0
9/2/2011,1.1209,-0.011442889,0
9/6/2011,1.206,0.073177164,0
9/7/2011,1.2098,0.003145958,0
9/8/2011,1.2147,0.004042076,0
9/9/2011,1.2065,-0.006773527,0
9/12/2011,1.204,-0.002074259,0
9/13/2011,1.2036,-0.000332281,0
9/14/2011,1.2045,0.000747477,0
9/15/2011,1.2064,0.001576175,0
9/16/2011,1.2083,0.001573695,0
9/19/2011,1.2065,-0.001490807,0
9/20/2011,1.2152,0.007185066,0
9/21/2011,1.2208,0.004597709,0
9/22/2011,1.2229,0.001718706,0
9/23/2011,1.2218,-0.000899906,0
9/26/2011,1.2186,-0.002622522,0
9/27/2011,1.2178,-0.000656707,0
9/28/2011,1.2185,0.000574642,0
9/29/2011,1.2197,0.000984333,0
9/30/2011,1.2148,-0.004025473,0
10/3/2011,1.2143,-0.000411675,0
10/4/2011,1.2212,0.005666203,0
10/5/2011,1.2311,0.008074097,0
10/6/2011,1.2366,0.004457599,0
10/7/2011,1.2412,0.003712975,0
10/10/2011,1.2326,-0.006952894,0
10/11/2011,1.2382,0.004532953,0
10/12/2011,1.234,-0.003397787,0
10/13/2011,1.2368,0.002266473,0
10/14/2011,1.2377,0.00072742,0
10/17/2011,1.2346,-0.002507788,0
10/18/2011,1.2355,0.000728715,0
10/19/2011,1.2417,0.005005662,0
10/20/2011,1.2314,-0.008329675,0
10/21/2011,1.226,-0.004394896,0
10/24/2011,1.2264,0.000326211,0
10/25/2011,1.2211,-0.004330957,0
10/26/2011,1.2247,0.002943824,0
10/27/2011,1.2199,-0.003927028,0
10/28/2011,1.2206,0.000573653,0
10/31/2011,1.2141,-0.00533948,0
11/1/2011,1.2148,0.000576393,0
11/2/2011,1.2148,0,0
11/3/2011,1.2129,-0.001565268,0
11/4/2011,1.2198,0.005672725,0
11/7/2011,1.2399,0.01634382,0
11/8/2011,1.238,-0.001533557,0
11/9/2011,1.2318,-0.00502066,0
11/10/2011,1.2323,0.000405828,0
11/11/2011,1.2386,0.005099368,0
11/14/2011,1.2364,-0.001777778,0
11/15/2011,1.2394,0.00242346,0
11/16/2011,1.2374,-0.001614987,0
11/17/2011,1.2402,0.002260253,0
11/18/2011,1.2393,-0.000725953,0
11/21/2011,1.2375,-0.001453489,0
11/22/2011,1.2345,-0.002427186,0
11/23/2011,1.2269,-0.006175367,0
11/25/2011,1.2316,0.003823474,0
11/28/2011,1.2281,-0.002845877,0
11/29/2011,1.2263,-0.001466754,0
11/30/2011,1.2278,0.001222444,0
12/1/2011,1.2322,0.00357724,0
12/2/2011,1.2338,0.001297648,0
12/5/2011,1.2325,-0.001054211,0
12/6/2011,1.2412,0.007034027,0
12/7/2011,1.238,-0.002581479,0
12/8/2011,1.2352,-0.002264274,0
12/9/2011,1.2362,0.000809258,0
12/12/2011,1.2346,-0.001295127,0
12/13/2011,1.232,-0.002108166,0
12/14/2011,1.237,0.004050228,0
12/15/2011,1.2237,-0.010810037,0
12/16/2011,1.22,-0.003028197,0
12/19/2011,1.2178,-0.001804907,0
12/20/2011,1.2184,0.00049257,0
12/21/2011,1.2203,0.001558208,0
12/22/2011,1.2216,0.001064745,0
12/23/2011,1.222,0.000327386,0
12/27/2011,1.2207,-0.001064396,0
12/28/2011,1.2196,-0.000901529,0
12/29/2011,1.2178,-0.001476984,0
12/30/2011,1.2133,-0.003702032,0
1/3/2012,1.216,0.002222863,0
1/4/2012,1.2185,0.002053811,0
1/5/2012,1.2177,-0.000656761,0
1/6/2012,1.2144,-0.002713706,0
1/9/2012,1.2121,-0.001895735,0
1/10/2012,1.2121,0,0
1/11/2012,1.2123,0.000164989,0
1/12/2012,1.2104,-0.001568498,0
1/13/2012,1.207,-0.002812941,0
1/17/2012,1.2088,0.00149019,0
1/18/2012,1.2077,-0.000910408,0
1/19/2012,1.2082,0.000413924,0
1/20/2012,1.2079,-0.000248334,0
1/23/2012,1.207,-0.000745373,0
1/24/2012,1.2085,0.001241979,0
1/25/2012,1.2078,-0.000579398,0
1/26/2012,1.2057,-0.001740212,0
1/27/2012,1.2055,-0.000165893,0
1/30/2012,1.2052,-0.00024889,0
1/31/2012,1.2033,-0.001577746,0
2/1/2012,1.2043,0.000830703,0
2/2/2012,1.2047,0.000332088,0
2/3/2012,1.2072,0.002073055,0
2/6/2012,1.2059,-0.001077452,0
2/7/2012,1.209,0.002567396,0
2/8/2012,1.2094,0.000330797,0
2/9/2012,1.2109,0.001239516,0
2/10/2012,1.2087,-0.001818483,0
2/13/2012,1.2083,-0.000330989,0
2/14/2012,1.2076,-0.000579494,0
2/15/2012,1.2063,-0.001077095,0
2/16/2012,1.2063,0,0
2/17/2012,1.2081,0.001491054,0
2/21/2012,1.2073,-0.000662416,0
2/22/2012,1.2059,-0.001160285,0
2/23/2012,1.205,-0.000746609,0
2/24/2012,1.2042,-0.000664121,0
2/27/2012,1.2046,0.000332116,0
2/28/2012,1.2051,0.000414989,0
2/29/2012,1.2048,-0.000248973,0
3/1/2012,1.2055,0.000580841,0
3/2/2012,1.2064,0.0007463,0
3/5/2012,1.2061,-0.000248705,0
3/6/2012,1.2046,-0.001244452,0
3/7/2012,1.2049,0.000249014,0
3/8/2012,1.2052,0.000248952,0
3/9/2012,1.2055,0.00024889,0
3/12/2012,1.2055,0,0
3/13/2012,1.2072,0.00140921,0
3/14/2012,1.212,0.003968259,0
3/15/2012,1.2067,-0.004382527,0
3/16/2012,1.2056,-0.000911993,0
3/19/2012,1.2061,0.000414645,0
3/20/2012,1.2048,-0.001078436,0
3/21/2012,1.2053,0.000414921,0
3/22/2012,1.2052,-8.30E-05,0
3/23/2012,1.2043,-0.000747043,0
3/26/2012,1.2055,0.000995933,0
3/27/2012,1.2049,-0.000497843,0
3/28/2012,1.2048,-8.30E-05,0
3/29/2012,1.2053,0.000414921,0
3/30/2012,1.2041,-0.000996099,0
4/2/2012,1.2033,-0.000664617,0
4/3/2012,1.2038,0.000415438,0
4/4/2012,1.2035,-0.000249242,0
4/5/2012,1.2014,-0.001746435,0
4/9/2012,1.2015,8.32E-05,0
4/10/2012,1.2011,-0.000332973,0
4/11/2012,1.2023,0.000998585,0
4/12/2012,1.2016,-0.000582387,0
4/13/2012,1.2022,0.00049921,0
4/16/2012,1.2014,-0.000665668,0
4/17/2012,1.201,-0.000333,0
4/18/2012,1.2016,0.000499459,0
4/19/2012,1.2019,0.000249636,0
4/20/2012,1.2011,-0.000665834,0
4/23/2012,1.202,0.000749033,0
4/24/2012,1.2011,-0.000749033,0
4/25/2012,1.2009,-0.000166528,0
4/26/2012,1.201,8.33E-05,0
4/27/2012,1.2011,8.33E-05,0
4/30/2012,1.201,-8.33E-05,0
5/1/2012,1.2014,0.000333,0
5/2/2012,1.2014,0,0
5/3/2012,1.2012,-0.000166486,0
5/4/2012,1.2008,-0.000333056,0
5/7/2012,1.201,0.000166542,0
5/8/2012,1.2009,-8.33E-05,0
5/9/2012,1.2006,-0.000249844,0
5/10/2012,1.2004,-0.000166597,0
5/11/2012,1.2006,0.000166597,0
5/14/2012,1.2006,0,0
5/15/2012,1.2006,0,0
5/16/2012,1.201,0.000333111,0
5/17/2012,1.2003,-0.000583018,0
5/18/2012,1.2005,0.000166611,0
5/21/2012,1.2011,0.000499667,0
5/22/2012,1.2007,-0.000333084,0
5/23/2012,1.2005,-0.000166583,0
5/24/2012,1.2008,0.000249865,0
5/25/2012,1.2008,0,0
5/29/2012,1.2003,-0.000416476,0
5/30/2012,1.2007,0.000333195,0
5/31/2012,1.2007,0,0
6/1/2012,1.201,0.000249823,0
6/4/2012,1.2007,-0.000249823,0
6/5/2012,1.2007,0,0
6/6/2012,1.2003,-0.000333195,0
6/7/2012,1.2006,0.000249906,0
6/8/2012,1.2008,0.00016657,0
6/11/2012,1.2006,-0.00016657,0
6/12/2012,1.2007,8.33E-05,0
6/13/2012,1.2003,-0.000333195,0
6/14/2012,1.2007,0.000333195,0
6/15/2012,1.2001,-0.000499833,0
6/18/2012,1.2008,0.000583115,0
6/19/2012,1.2004,-0.000333167,0
6/20/2012,1.2008,0.000333167,0
6/21/2012,1.2001,-0.000583115,0
6/22/2012,1.2006,0.000416545,0
6/25/2012,1.2006,0,0
6/26/2012,1.201,0.000333111,0
6/27/2012,1.2008,-0.000166542,0
6/28/2012,1.2005,-0.000249865,0
6/29/2012,1.2012,0.00058292,0
7/2/2012,1.2005,-0.00058292,0
7/3/2012,1.2006,8.33E-05,0
7/5/2012,1.201,0.000333111,0
7/6/2012,1.2004,-0.000499709,0
7/9/2012,1.2006,0.000166597,0
7/10/2012,1.2006,0,0
7/11/2012,1.2004,-0.000166597,0
7/12/2012,1.2003,-8.33E-05,0
7/13/2012,1.2006,0.000249906,0
7/16/2012,1.2002,-0.000333222,0
7/17/2012,1.2012,0.000832848,0
7/18/2012,1.2008,-0.000333056,0
7/19/2012,1.2004,-0.000333167,0
7/20/2012,1.2004,0,0
7/23/2012,1.2005,8.33E-05,0
7/24/2012,1.2007,0.000166583,0
7/25/2012,1.2006,-8.33E-05,0
7/26/2012,1.2006,0,0
7/27/2012,1.2008,0.00016657,0
7/30/2012,1.2015,0.000582775,0
7/31/2012,1.2007,-0.000666056,0
8/1/2012,1.2013,0.000499584,0
8/2/2012,1.2011,-0.0001665,0
8/3/2012,1.2015,0.000332973,0
8/6/2012,1.2007,-0.000666056,0
8/7/2012,1.2011,0.000333084,0
8/8/2012,1.2011,0,0
8/9/2012,1.201,-8.33E-05,0
8/10/2012,1.2006,-0.000333111,0
8/13/2012,1.2008,0.00016657,0
8/14/2012,1.2009,8.33E-05,0
8/15/2012,1.2005,-0.000333139,0
8/16/2012,1.2011,0.000499667,0
8/17/2012,1.2001,-0.000832917,0
8/20/2012,1.2008,0.000583115,0
8/21/2012,1.2003,-0.000416476,0
8/22/2012,1.2006,0.000249906,0
8/23/2012,1.2,-0.000499875,0
8/24/2012,1.2005,0.00041658,0
8/27/2012,1.2006,8.33E-05,0
8/28/2012,1.2005,-8.33E-05,0
8/29/2012,1.2002,-0.000249927,0
8/30/2012,1.2004,0.000166625,0
8/31/2012,1.2004,0,0
9/4/2012,1.2007,0.000249885,0
9/5/2012,1.2039,0.002661567,0
9/6/2012,1.2042,0.000249159,0
9/7/2012,1.2095,0.004391605,0
9/10/2012,1.2066,-0.002400564,0
9/11/2012,1.2068,0.000165741,0
9/12/2012,1.2087,0.001573174,0
9/13/2012,1.2151,0.005280976,0
9/14/2012,1.2168,0.001398084,0
9/17/2012,1.2153,-0.001233502,0
9/18/2012,1.2113,-0.003296797,0
9/19/2012,1.2097,-0.001321768,0
9/20/2012,1.2095,-0.000165344,0
9/21/2012,1.2107,0.000991654,0
9/24/2012,1.2103,-0.000330442,0
9/25/2012,1.2093,-0.000826583,0
9/26/2012,1.2088,-0.000413548,0
9/27/2012,1.2097,0.000744263,0
9/28/2012,1.208,-0.001406295,0
10/1/2012,1.2085,0.000413822,0
10/2/2012,1.2091,0.00049636,0
10/3/2012,1.2104,0.001074602,0
10/4/2012,1.211,0.000495581,0
10/5/2012,1.2112,0.000165139,0
10/8/2012,1.2099,-0.001073892,0
10/9/2012,1.2107,0.000660993,0
10/10/2012,1.2096,-0.000908978,0
10/11/2012,1.2079,-0.001406412,0
10/12/2012,1.2085,0.000496607,0
10/15/2012,1.2081,-0.000331044,0
10/16/2012,1.2085,0.000331044,0
10/17/2012,1.2096,0.000909805,0
10/18/2012,1.2079,-0.001406412,0
10/19/2012,1.209,0.000910257,0
10/22/2012,1.2102,0.000992064,0
10/23/2012,1.2102,0,0
10/24/2012,1.2088,-0.001157503,0
10/25/2012,1.209,0.00016544,0
10/26/2012,1.2092,0.000165412,0
10/29/2012,1.2077,-0.00124126,0
10/30/2012,1.2081,0.000331153,0
10/31/2012,1.2068,-0.001076649,0
11/1/2012,1.2058,-0.000828981,0
11/2/2012,1.2064,0.000497471,0
11/5/2012,1.2068,0.00033151,0
11/6/2012,1.2085,0.001407693,0
11/7/2012,1.2066,-0.001573434,0
11/8/2012,1.2059,-0.000580311,0
11/9/2012,1.2057,-0.000165865,0
11/12/2012,1.2054,-0.000248849,0
11/13/2012,1.2039,-0.001245175,0
11/14/2012,1.2037,-0.000166141,0
11/15/2012,1.2043,0.000498339,0
11/16/2012,1.2046,0.000249076,0
11/19/2012,1.2038,-0.000664341,0
11/20/2012,1.2051,0.001079331,0
11/21/2012,1.2049,-0.000165975,0
11/23/2012,1.2039,-0.000830289,0
11/26/2012,1.2034,-0.000415403,0
11/27/2012,1.205,0.001328683,0
11/28/2012,1.2034,-0.001328683,0
11/29/2012,1.2036,0.000166182,0
11/30/2012,1.205,0.001162501,0
12/3/2012,1.2079,0.002403748,0
12/4/2012,1.2132,0.004378182,0
12/5/2012,1.2102,-0.002475862,0
12/6/2012,1.2094,-0.000661266,0
12/7/2012,1.2081,-0.001075491,0
12/10/2012,1.2076,-0.000413959,0
12/11/2012,1.2121,0.003719474,0
12/12/2012,1.2105,-0.001320895,0
12/13/2012,1.2077,-0.002315773,0
12/14/2012,1.208,0.000248375,0
12/17/2012,1.2079,-8.28E-05,0
12/18/2012,1.2073,-0.000496853,0
12/19/2012,1.2078,0.000414062,0
12/20/2012,1.2069,-0.000745434,0
12/21/2012,1.2079,0.000828226,0
12/24/2012,1.2077,-0.00016559,0
12/26/2012,1.207,-0.000579782,0
12/27/2012,1.2087,0.00140746,0
12/28/2012,1.2069,-0.001490313,0
12/31/2012,1.2072,0.00024854,0
1/2/2013,1.2099,0.002234083,0
1/3/2013,1.2093,-0.000496032,0
1/4/2013,1.2083,-0.000827267,0
1/7/2013,1.2081,-0.000165536,0
1/8/2013,1.2085,0.000331044,0
1/9/2013,1.2084,-8.28E-05,0
1/10/2013,1.2127,0.003552108,0
1/11/2013,1.2183,0.004607166,0
1/14/2013,1.2334,0.012318139,0
1/15/2013,1.2391,0.004610726,0
1/16/2013,1.2371,-0.001615379,0
1/17/2013,1.2472,0.008131108,0
1/18/2013,1.2441,-0.002488662,0
1/22/2013,1.2371,-0.005642446,0
1/23/2013,1.2375,0.000323285,0
1/24/2013,1.2414,0.00314656,0
1/25/2013,1.2472,0.004661264,0
1/28/2013,1.2462,-0.000802118,0
1/29/2013,1.243,-0.002571109,0
1/30/2013,1.2353,-0.006213957,0
1/31/2013,1.2355,0.000161891,0
2/1/2013,1.2386,0.002505963,0
2/4/2013,1.2268,-0.009572556,0
2/5/2013,1.2332,0.005203264,0
2/6/2013,1.2298,-0.002760862,0
2/7/2013,1.2302,0.000325203,0
2/8/2013,1.2256,-0.003746238,0
2/11/2013,1.2314,0.004721213,0
2/12/2013,1.2339,0.002028151,0
2/13/2013,1.2334,-0.000405301,0
2/14/2013,1.2308,-0.002110219,0
2/15/2013,1.2308,0,0
2/19/2013,1.235,0.003406606,0
2/20/2013,1.2314,-0.002919237,0
2/21/2013,1.2277,-0.003009233,0
2/22/2013,1.2254,-0.001875179,0
2/25/2013,1.2179,-0.006139257,0
2/26/2013,1.2168,-0.000903602,0
2/27/2013,1.2209,0.00336383,0
2/28/2013,1.2225,0.001309651,0
3/1/2013,1.2286,0.004977367,0
3/4/2013,1.225,-0.002934466,0
3/5/2013,1.2276,0.0021202,0
3/6/2013,1.2308,0.002603321,0
3/7/2013,1.2354,0.00373044,0
3/8/2013,1.2369,0.001213445,0
3/11/2013,1.2357,-0.000970638,0
3/12/2013,1.2341,-0.001295652,0
3/13/2013,1.2342,8.10E-05,0
3/14/2013,1.2315,-0.002190048,0
3/15/2013,1.2271,-0.003579277,0
3/18/2013,1.2254,-0.001386341,0
3/19/2013,1.2195,-0.004826383,0
3/20/2013,1.2213,0.001474927,0
3/21/2013,1.2203,-0.000819135,0
3/22/2013,1.221,0.000573465,0
3/25/2013,1.2188,-0.001803427,0
3/26/2013,1.2193,0.000410155,0
3/27/2013,1.219,-0.000246073,0
3/28/2013,1.2172,-0.001477711,0
4/1/2013,1.2159,-0.001068596,0
4/2/2013,1.2159,0,0
4/3/2013,1.214,-0.001563851,0
4/4/2013,1.2153,0.001070267,0
4/5/2013,1.2141,-0.000987898,0
4/8/2013,1.2159,0.001481482,0
4/9/2013,1.2194,0.002874391,0
4/10/2013,1.2186,-0.000656276,0
4/11/2013,1.2195,0.00073828,0
4/12/2013,1.215,-0.003696862,0
4/15/2013,1.2138,-0.000988142,0
4/16/2013,1.2154,0.001317306,0
4/17/2013,1.2156,0.000164541,0
4/18/2013,1.2169,0.001068859,0
4/19/2013,1.2183,0.001149803,0
4/22/2013,1.2203,0.001640286,0
4/23/2013,1.2291,0.007185464,0
4/24/2013,1.2322,0.002518995,0
4/25/2013,1.2289,-0.002681729,0
4/26/2013,1.2277,-0.00097696,0
4/29/2013,1.2271,-0.000488838,0
4/30/2013,1.2235,-0.002938058,0
5/1/2013,1.2217,-0.001472272,0
5/2/2013,1.2211,-0.00049124,0
5/3/2013,1.227,0.004820074,0
5/6/2013,1.2268,-0.000163012,0
5/7/2013,1.2294,0.002117092,0
5/8/2013,1.2303,0.000731797,0
5/9/2013,1.2365,0.005026766,0
5/10/2013,1.243,0.005243005,0
5/13/2013,1.242,-0.000804829,0
5/14/2013,1.2494,0.005940453,0
5/15/2013,1.243,-0.005135624,0
5/16/2013,1.2422,-0.000643811,0
5/17/2013,1.2478,0.004498,0
5/20/2013,1.2454,-0.001925237,0
5/21/2013,1.2517,0.005045864,0
5/22/2013,1.2579,0.004941037,0
5/23/2013,1.2528,-0.004062618,0
5/24/2013,1.2431,-0.007772786,0
5/28/2013,1.256,0.010323808,0
5/29/2013,1.2444,-0.009278582,0
5/30/2013,1.2432,-0.000964785,0
5/31/2013,1.2416,-0.00128783,0
6/3/2013,1.238,-0.002903696,0
6/4/2013,1.2382,0.000161538,0
6/5/2013,1.233,-0.004208488,0
6/6/2013,1.231,-0.001623377,0
6/7/2013,1.2371,0.004943084,0
6/10/2013,1.2375,0.000323285,0
6/11/2013,1.2308,-0.005428851,0
6/12/2013,1.2277,-0.002521864,0
6/13/2013,1.2326,0.003983259,0
6/14/2013,1.2285,-0.003331847,0
6/17/2013,1.2331,0.003737411,0
6/18/2013,1.2318,-0.00105481,0
6/19/2013,1.2333,0.001216989,0
6/20/2013,1.2251,-0.00667103,0
6/21/2013,1.2256,0.000408047,0
6/24/2013,1.224,-0.001306336,0
6/25/2013,1.2268,0.002284969,0
6/26/2013,1.2266,-0.000163039,0
6/27/2013,1.232,0.004392751,0
6/28/2013,1.229,-0.002438035,0
7/1/2013,1.2348,0.004708183,0
7/2/2013,1.2336,-0.00097229,0
7/3/2013,1.2311,-0.002028645,0
7/5/2013,1.2365,0.004376729,0
7/8/2013,1.2398,0.002665268,0
7/9/2013,1.2434,0.002899487,0
7/10/2013,1.2429,-0.000402204,0
7/11/2013,1.2398,-0.002497282,0
7/12/2013,1.2367,-0.002503535,0
7/15/2013,1.2383,0.001292929,0
7/16/2013,1.2358,-0.002020938,0
7/17/2013,1.2349,-0.000728539,0
7/18/2013,1.2381,0.002587951,0
7/19/2013,1.2363,-0.001454898,0
7/22/2013,1.234,-0.001862123,0
7/23/2013,1.2359,0.001538524,0
7/24/2013,1.237,0.000889644,0
7/25/2013,1.2347,-0.001861068,0
7/26/2013,1.2326,-0.001702266,0
7/29/2013,1.2343,0.001378248,0
7/30/2013,1.2331,-0.000972684,0
7/31/2013,1.2315,-0.001298385,0
8/1/2013,1.2369,0.004375311,0
8/2/2013,1.2342,-0.002185262,0
8/5/2013,1.229,-0.004222156,0
8/6/2013,1.2314,0.001950903,0
8/7/2013,1.2289,-0.002032273,0
8/8/2013,1.2309,0.001626149,0
8/9/2013,1.2303,-0.000487567,0
8/12/2013,1.2309,0.000487567,0
8/13/2013,1.237,0.004943484,0
8/14/2013,1.2396,0.002099654,0
8/15/2013,1.2356,-0.003232065,0
8/16/2013,1.2345,-0.000890652,0
8/19/2013,1.232,-0.002027165,0
8/20/2013,1.2305,-0.001218274,0
8/21/2013,1.2312,0.000568713,0
8/22/2013,1.2329,0.001379814,0
8/23/2013,1.2329,0,0
8/26/2013,1.2335,0.000486539,0
8/27/2013,1.2285,-0.004061744,0
8/28/2013,1.2295,0.00081367,0
8/29/2013,1.2321,0.002112448,0
8/30/2013,1.2292,-0.002356479,0
9/3/2013,1.2333,0.003329952,0
9/4/2013,1.2347,0.001134522,0
9/5/2013,1.2393,0.003718678,0
9/6/2013,1.2356,-0.002990022,0
9/9/2013,1.2354,-0.000161878,0
9/10/2013,1.2399,0.003635927,0
9/11/2013,1.238,-0.001533557,0
9/12/2013,1.2371,-0.000727243,0
9/13/2013,1.2358,-0.001051397,0
9/16/2013,1.236,0.000161825,0
9/17/2013,1.2367,0.000566183,0
9/18/2013,1.2333,-0.002753038,0
9/19/2013,1.2319,-0.001135811,0
9/20/2013,1.2311,-0.000649614,0
9/23/2013,1.2283,-0.002276979,0
9/24/2013,1.2293,0.000813802,0
9/25/2013,1.2292,-8.14E-05,0
9/26/2013,1.2274,-0.00146544,0
9/27/2013,1.2248,-0.002120546,0
9/30/2013,1.2232,-0.00130719,0
10/1/2013,1.2247,0.00122554,0
10/2/2013,1.2256,0.000734604,0
10/3/2013,1.2246,-0.00081626,0
10/4/2013,1.2294,0.003911985,0
10/7/2013,1.226,-0.002769408,0
10/8/2013,1.2264,0.000326211,0
10/9/2013,1.2302,0.003093709,0
10/10/2013,1.232,0.001462107,0
10/11/2013,1.235,0.002432105,0
10/14/2013,1.2341,-0.000729011,0
10/15/2013,1.2342,8.10E-05,0
10/16/2013,1.2357,0.001214624,0
10/17/2013,1.2336,-0.001700887,0
10/18/2013,1.234,0.000324202,0
10/21/2013,1.2336,-0.000324202,0
10/22/2013,1.2327,-0.000729838,0
10/23/2013,1.2292,-0.002843334,0
10/24/2013,1.2311,0.001544527,0
10/25/2013,1.2316,0.000406058,0
10/28/2013,1.2347,0.002513889,0
10/29/2013,1.2351,0.000323913,0
10/30/2013,1.2347,-0.000323913,0
10/31/2013,1.2317,-0.002432697,0
11/1/2013,1.2302,-0.001218571,0
11/4/2013,1.2291,-0.000894564,0
11/5/2013,1.2306,0.001219661,0
11/6/2013,1.2323,0.001380487,0
11/7/2013,1.229,-0.002681511,0
11/8/2013,1.2315,0.002032108,0
11/11/2013,1.2325,0.000811688,0
11/12/2013,1.2324,-8.11E-05,0
11/13/2013,1.2312,-0.000974184,0
11/14/2013,1.2329,0.001379814,0
11/15/2013,1.2342,0.001053869,0
11/18/2013,1.2326,-0.001297227,0
11/19/2013,1.2329,0.000243358,0
11/20/2013,1.2311,-0.001461039,0
11/21/2013,1.2308,-0.000243714,0
11/22/2013,1.2292,-0.001300813,0
11/25/2013,1.2321,0.002356479,0
11/26/2013,1.2301,-0.001624564,0
11/27/2013,1.2322,0.001705723,0
11/29/2013,1.2316,-0.000487053,0
12/2/2013,1.23,-0.001299968,0
12/3/2013,1.2289,-0.000894709,0
12/4/2013,1.2265,-0.001954876,0
12/5/2013,1.2251,-0.001142111,0
12/6/2013,1.2224,-0.002206334,0
12/9/2013,1.223,0.000490717,0
12/10/2013,1.221,-0.001636662,0
12/11/2013,1.2218,0.000654986,0
12/12/2013,1.2229,0.000899906,0
12/13/2013,1.2221,-0.000654397,0
12/16/2013,1.2208,-0.001064309,0
12/17/2013,1.2182,-0.002132022,0
12/18/2013,1.2228,0.003768952,0
12/19/2013,1.2263,0.002858195,0
12/20/2013,1.2248,-0.00122394,0
12/23/2013,1.2241,-0.000571685,0
12/24/2013,1.225,0.000734964,0
12/26/2013,1.2271,0.001712818,0
12/27/2013,1.2251,-0.001631189,0
12/30/2013,1.2248,-0.000244908,0
12/31/2013,1.227,0.0017946,0
1/2/2014,1.2285,0.001221747,0
1/3/2014,1.2297,0.000976324,0
1/6/2014,1.2316,0.0015439,0
1/7/2014,1.2377,0.004940681,0
1/8/2014,1.2368,-0.00072742,0
1/9/2014,1.2338,-0.002428561,0
1/10/2014,1.2333,-0.000405334,0
1/13/2014,1.2289,-0.003574043,0
1/14/2014,1.2339,0.004060425,0
1/15/2014,1.2357,0.001457726,0
1/16/2014,1.2321,-0.00291758,0
1/17/2014,1.2319,-0.000162338,0
1/21/2014,1.2341,0.001784266,0
1/22/2014,1.2346,0.000405072,0
1/23/2014,1.2285,-0.004953118,0
1/24/2014,1.2231,-0.004405293,0
1/27/2014,1.2257,0.00212349,0
1/28/2014,1.2262,0.000407847,0
1/29/2014,1.2219,-0.003512932,0
1/30/2014,1.2232,0.001063351,0
1/31/2014,1.2222,-0.000817862,0
2/3/2014,1.2186,-0.002949855,0
2/4/2014,1.2214,0.002295083,0
2/5/2014,1.2226,0.000981997,0
2/6/2014,1.2242,0.001307831,0
2/7/2014,1.2241,-8.17E-05,0
2/10/2014,1.2235,-0.000490276,0
2/11/2014,1.2248,0.001061961,0
2/12/2014,1.224,-0.000653381,0
2/13/2014,1.2218,-0.001799003,0
2/14/2014,1.2218,0,0
2/18/2014,1.2216,-0.000163706,0
2/19/2014,1.2201,-0.001228652,0
2/20/2014,1.22,-8.20E-05,0
2/21/2014,1.2192,-0.000655953,0
2/24/2014,1.2207,0.001229559,0
2/25/2014,1.2185,-0.001803871,0
2/26/2014,1.2185,0,0
2/27/2014,1.2175,-0.000821018,0
2/28/2014,1.2139,-0.002961259,0
3/3/2014,1.2127,-0.000989038,0
3/4/2014,1.2193,0.005427645,0
3/5/2014,1.2188,-0.000410155,0
3/6/2014,1.22,0.000984091,0
3/7/2014,1.2178,-0.001804907,0
3/10/2014,1.2174,-0.000328515,0
3/11/2014,1.2168,-0.000492975,0
3/12/2014,1.2148,-0.001645008,0
3/13/2014,1.2124,-0.001977588,0
3/14/2014,1.2128,0.00032987,0
3/17/2014,1.2154,0.002141505,0
3/18/2014,1.2163,0.000740223,0
3/19/2014,1.2175,0.000986112,0
3/20/2014,1.2172,-0.000246437,0
3/21/2014,1.2169,-0.000246498,0
3/24/2014,1.2188,0.001560127,0
3/25/2014,1.2196,0.000656168,0
3/26/2014,1.2195,-8.20E-05,0
3/27/2014,1.2179,-0.001312875,0
3/28/2014,1.219,0.000902786,0
3/31/2014,1.2179,-0.000902786,0
4/1/2014,1.2182,0.000246295,0
4/2/2014,1.2203,0.001722371,0
4/3/2014,1.222,0.001392131,0
4/4/2014,1.2218,-0.00016368,0
4/7/2014,1.2198,-0.00163827,0
4/8/2014,1.2183,-0.001230467,0
4/9/2014,1.2185,0.00016415,0
4/10/2014,1.2165,-0.001642711,0
4/11/2014,1.2165,0,0
4/14/2014,1.2155,-0.000822368,0
4/15/2014,1.2157,0.000164528,0
4/16/2014,1.2179,0.001808022,0
4/17/2014,1.2201,0.001804758,0
4/21/2014,1.2203,0.000163908,0
4/22/2014,1.2215,0.000982882,0
4/23/2014,1.2202,-0.001064832,0
4/24/2014,1.2194,-0.000655845,0
4/25/2014,1.2191,-0.000246053,0
4/28/2014,1.2187,-0.000328165,0
4/29/2014,1.2199,0.000984171,0
4/30/2014,1.2205,0.000491723,0
5/1/2014,1.2189,-0.001311798,0
5/2/2014,1.2178,-0.00090286,0
5/5/2014,1.2175,-0.000246376,0
5/6/2014,1.2175,0,0
5/7/2014,1.2187,0.000985141,0
5/8/2014,1.2177,-0.000820883,0
5/9/2014,1.2195,0.001477105,0
5/12/2014,1.2212,0.001393043,0
5/13/2014,1.2193,-0.001557058,0
5/14/2014,1.2199,0.000491965,0
5/15/2014,1.2212,0.001065094,0
5/16/2014,1.222,0.000654879,0
5/19/2014,1.2228,0.00065445,0
5/20/2014,1.2217,-0.00089998,0
5/21/2014,1.2223,0.000490998,0
5/22/2014,1.2206,-0.001391789,0
5/23/2014,1.2201,-0.000409719,0
5/27/2014,1.2224,0.001883317,0
5/28/2014,1.2208,-0.001309758,0
5/29/2014,1.2211,0.00024571,0
5/30/2014,1.2204,-0.000573418,0
6/2/2014,1.2216,0.000982801,0
6/3/2014,1.2212,-0.000327493,0
6/4/2014,1.2197,-0.001229055,0
6/5/2014,1.2173,-0.001969635,0
6/6/2014,1.2187,0.001149425,0
6/9/2014,1.2192,0.000410189,0
6/10/2014,1.2178,-0.001148954,0
6/11/2014,1.2173,-0.000410661,0
6/12/2014,1.2172,-8.22E-05,0
6/13/2014,1.2189,0.001395674,0
6/16/2014,1.2175,-0.001149237,0
6/17/2014,1.218,0.000410593,0
6/18/2014,1.2172,-0.00065703,0
6/19/2014,1.2161,-0.000904122,0
6/20/2014,1.2171,0.000821963,0
6/23/2014,1.2162,-0.000739736,0
6/24/2014,1.2159,-0.0002467,0
6/25/2014,1.2164,0.000411134,0
6/26/2014,1.2159,-0.000411134,0
6/27/2014,1.2157,-0.000164501,0
6/30/2014,1.214,-0.00139935,0
7/1/2014,1.2137,-0.000247148,0
7/2/2014,1.2137,0,0
7/3/2014,1.2153,0.001317415,0
7/7/2014,1.2154,8.23E-05,0
7/8/2014,1.2152,-0.000164568,0
7/9/2014,1.215,-0.000164596,0
7/10/2014,1.2142,-0.000658653,0
7/11/2014,1.2138,-0.000329489,0
7/14/2014,1.2135,-0.000247188,0
7/15/2014,1.215,0.001235331,0
7/16/2014,1.2147,-0.000246944,0
7/17/2014,1.2137,-0.000823588,0
7/18/2014,1.2148,0.000905909,0
7/21/2014,1.2144,-0.000329327,0
7/22/2014,1.2148,0.000329327,0
7/23/2014,1.2143,-0.000411675,0
7/24/2014,1.2147,0.000329354,0
7/25/2014,1.2149,0.000164636,0
7/28/2014,1.2145,-0.000329299,0
7/29/2014,1.2159,0.001152074,0
7/30/2014,1.2169,0.000822098,0
7/31/2014,1.2163,-0.000493178,0
8/1/2014,1.2164,8.22E-05,0
8/4/2014,1.2165,8.22E-05,0
8/5/2014,1.2159,-0.00049334,0
8/6/2014,1.2141,-0.001481482,0
8/7/2014,1.2143,0.000164718,0
8/8/2014,1.2143,0,0
8/11/2014,1.2131,-0.000988712,0
8/12/2014,1.213,-8.24E-05,0
8/13/2014,1.2127,-0.000247351,0
8/14/2014,1.2109,-0.001485394,0
8/15/2014,1.209,-0.001570313,0
8/18/2014,1.2111,0.001735466,0
8/19/2014,1.2109,-0.000165153,0
8/20/2014,1.2108,-8.26E-05,0
8/21/2014,1.2104,-0.000330415,0
8/22/2014,1.21,-0.000330524,0
8/25/2014,1.2075,-0.002068253,0
8/26/2014,1.2079,0.000331208,0
8/27/2014,1.2066,-0.001076828,0
8/28/2014,1.2059,-0.000580311,0
8/29/2014,1.2058,-8.29E-05,0
9/2/2014,1.2066,0.00066324,0
9/3/2014,1.2067,8.29E-05,0
9/4/2014,1.206,-0.000580263,0
9/5/2014,1.2059,-8.29E-05,0
9/8/2014,1.2059,0,0
9/9/2014,1.2066,0.000580311,0
9/10/2014,1.2095,0.002400564,0
9/11/2014,1.2092,-0.000248067,0
9/12/2014,1.2093,8.27E-05,0
9/15/2014,1.2099,0.000496032,0
9/16/2014,1.2087,-0.00099231,0
9/17/2014,1.2106,0.001570703,0
9/18/2014,1.2064,-0.003475386,0
9/19/2014,1.2073,0.000745743,0
9/22/2014,1.2075,0.000165645,0
9/23/2014,1.2074,-8.28E-05,0
9/24/2014,1.208,0.000496812,0
9/25/2014,1.2068,-0.000993871,0
9/26/2014,1.2065,-0.000248622,0
9/29/2014,1.2065,0,0
9/30/2014,1.2061,-0.000331592,0
10/1/2014,1.2061,0,0
10/2/2014,1.2084,0.001905157,0
10/3/2014,1.2103,0.001571092,0
10/6/2014,1.2126,0.001898552,0
10/7/2014,1.2121,-0.000412422,0
10/8/2014,1.212,-8.25E-05,0
10/9/2014,1.2111,-0.00074285,0
10/10/2014,1.2081,-0.00248016,0
10/13/2014,1.2085,0.000331044,0
10/14/2014,1.2071,-0.001159132,0
10/15/2014,1.2066,-0.000414302,0
10/16/2014,1.2067,8.29E-05,0
10/17/2014,1.2073,0.0004971,0
10/20/2014,1.2061,-0.000994448,0
10/21/2014,1.2068,0.000580215,0
10/22/2014,1.206,-0.00066313,0
10/23/2014,1.2064,0.00033162,0
10/24/2014,1.2062,-0.000165796,0
10/27/2014,1.2053,-0.000746423,0
10/28/2014,1.2057,0.000331813,0
10/29/2014,1.2062,0.000414611,0
10/30/2014,1.2055,-0.000580503,0
10/31/2014,1.2053,-0.00016592,0
11/3/2014,1.2054,8.30E-05,0
11/4/2014,1.2042,-0.000996016,0
11/5/2014,1.2033,-0.000747664,0
11/6/2014,1.204,0.000581564,0
11/7/2014,1.2026,-0.001163467,0
11/10/2014,1.2022,-0.000332668,0
11/11/2014,1.2032,0.000831463,0
11/12/2014,1.2019,-0.001081036,0
11/13/2014,1.2017,-0.000166417,0
11/14/2014,1.2008,-0.00074922,0
11/17/2014,1.2011,0.000249802,0
11/18/2014,1.2008,-0.000249802,0
11/19/2014,1.2013,0.000416302,0
11/20/2014,1.2014,8.32E-05,0
11/21/2014,1.2011,-0.00024974,0
11/24/2014,1.2021,0.000832224,0
11/25/2014,1.2023,0.000166362,0
11/26/2014,1.2018,-0.000415956,0
11/28/2014,1.2019,8.32E-05,0
12/1/2014,1.2028,0.000748534,0
12/2/2014,1.2034,0.000498712,0
12/3/2014,1.203,-0.000332447,0
12/4/2014,1.2021,-0.00074841,0
12/5/2014,1.2018,-0.000249594,0
12/8/2014,1.2019,8.32E-05,0
12/9/2014,1.2014,-0.000416095,0
12/10/2014,1.2028,0.001164629,0
12/11/2014,1.2009,-0.001580896,0
12/12/2014,1.2007,-0.000166556,0
12/15/2014,1.2007,0,0
12/16/2014,1.2006,-8.33E-05,0
12/17/2014,1.2006,0,0
12/18/2014,1.2036,0.002495634,0
12/19/2014,1.2023,-0.001080677,0
12/22/2014,1.2031,0.00066517,0
12/23/2014,1.202,-0.000914723,0
12/24/2014,1.2023,0.000249553,0
12/26/2014,1.2024,8.32E-05,0
12/29/2014,1.2028,0.000332613,0
12/30/2014,1.2014,-0.001164629,0
12/31/2014,1.2027,0.001081486,0
1/2/2015,1.2013,-0.001164726,0
1/5/2015,1.2013,0,0
1/6/2015,1.2008,-0.000416302,0
1/7/2015,1.2004,-0.000333167,0
1/8/2015,1.2006,0.000166597,0
1/9/2015,1.2007,8.33E-05,0
1/12/2015,1.2007,0,0
1/13/2015,1.2005,-0.000166583,0
1/14/2015,1.2007,0.000166583,0
1/15/2015,0.9979,-0.185006928,1
1/16/2015,0.9915,-0.006434123,0
1/20/2015,1.0116,0.020069567,0
1/21/2015,0.9985,-0.013034362,0
1/22/2015,0.9897,-0.008852286,0
1/23/2015,0.9866,-0.003137178,0
1/26/2015,1.014,0.027393495,0
1/27/2015,1.0267,0.01244687,0
1/28/2015,1.0217,-0.004881869,0
1/29/2015,1.0448,0.022357573,0
1/30/2015,1.0367,-0.007782888,0
2/2/2015,1.0519,0.014555461,0
2/3/2015,1.0602,0.007859517,0
2/4/2015,1.0496,-0.01004843,0
2/5/2015,1.0568,0.006836335,0
2/6/2015,1.0467,-0.009603116,0
2/9/2015,1.0461,-0.000573395,0
2/10/2015,1.0485,0.002291608,0
2/11/2015,1.0519,0.003237481,0
2/12/2015,1.0617,0.009273344,0
2/13/2015,1.0618,9.42E-05,0
2/17/2015,1.069,0.006758051,0
2/18/2015,1.0734,0.004107549,0
2/19/2015,1.0789,0.005110823,0
2/20/2015,1.0701,-0.008189902,0
2/23/2015,1.0765,0.005962936,0
2/24/2015,1.0781,0.001485195,0
2/25/2015,1.0773,-0.000742322,0
2/26/2015,1.0664,-0.010169421,0
2/27/2015,1.0667,0.000281281,0
3/2/2015,1.0717,0.004676402,0
3/3/2015,1.0738,0.001957586,0
3/4/2015,1.0674,-0.005977974,0
3/5/2015,1.0741,0.006257317,0
3/6/2015,1.069,-0.00475947,0
3/9/2015,1.0696,0.000561115,0
3/10/2015,1.069,-0.000561115,0
3/11/2015,1.0643,-0.004406326,0
3/12/2015,1.0653,0.000939144,0
3/13/2015,1.0542,-0.010474264,0
3/16/2015,1.0641,0.009347186,0
3/17/2015,1.0659,0.001690141,0
3/18/2015,1.0627,-0.003006673,0
